{
    "model_file": "output_Qwen_1.7B_fewshot.jsonl",
    "strict": {
        "accuracy": 0.13515541331818134,
        "precision": 0.15806840581350384,
        "recall": 0.22101451018117682,
        "f1": 0.1752489056990973
    },
    "soft": {
        "accuracy": 0.42023272455289995,
        "precision": 0.483656900470626,
        "recall": 0.6266185666185666,
        "f1": 0.5157646640979382
    }
}