{
    "model_file": "output_qwen1.7b_lora.jsonl",
    "strict": {
        "accuracy": 0.639261810653115,
        "precision": 0.6781538461538461,
        "recall": 0.8126060606060607,
        "f1": 0.7128869142553352
    },
    "soft": {
        "accuracy": 0.7074978354978354,
        "precision": 0.7457371794871794,
        "recall": 0.8800909090909091,
        "f1": 0.7802943216627427
    }
}