{
    "model_file": "output_Qwen_1.7B_zeroshot.jsonl",
    "strict": {
        "accuracy": 0.18062312221789345,
        "precision": 0.21064792203681093,
        "recall": 0.2577542621987067,
        "f1": 0.22137543526432416
    },
    "soft": {
        "accuracy": 0.3508483721555617,
        "precision": 0.4329956360511916,
        "recall": 0.48611405055849494,
        "f1": 0.42899100899100895
    }
}